<keymap version="1" name="Default for GNOME copy" parent="Default for GNOME">
  <action id="CIDR.Lang.Cpp.GenerateDefinitions" />
  <action id="CloseActiveTab">
    <keyboard-shortcut first-keystroke="shift ctrl f4" />
    <keyboard-shortcut first-keystroke="ctrl w" />
  </action>
  <action id="Diff.ShowSettingsPopup" />
  <action id="EditorSelectWord">
    <keyboard-shortcut first-keystroke="shift ctrl d" />
  </action>
  <action id="GotoAction">
    <keyboard-shortcut first-keystroke="shift ctrl p" />
  </action>
  <action id="UpdateRunningApplication" />
  <action id="android.deploy.ApplyChanges">
    <keyboard-shortcut first-keystroke="ctrl f10" />
  </action>
  <action id="android.deploy.CodeSwap">
    <keyboard-shortcut first-keystroke="ctrl alt f10" />
  </action>
</keymap>